flexeme_id,label,lexeme,texts,etymology,inherent_properties,phonological_form
1.0,aër,1,,< Latin: āēr,sync;alt_none;gen_masc;stem_o;num_all,
2.0,aipgitir,2,,< Latin: abecedārium,sync;alt_none;gen_fem;stem_indecl/i;num_all,
3.0,apstanait,3,,< Lat. abstinentia,sync_nd;alt_none;gen_fem;stem_ī/ā;num_all,
4.0,acaldam,4,,vn. of ad·gládathar,sync_nd;alt_none;gen_fem;stem_ā;num_all,
5.0,accobor,5,,vn. of ad·cobra,sync;alt_none;gen_neut;stem_o;num_all,
6.0,accomol,6,,vn. of ad·comla,sync_nd;alt_none;gen_neut;stem_o;num_all,
7.0,adaig,7,,*ad-aku̯ī-,sync_pal;alt_none;gen_fem;stem_ī;num_all,
8.0,adaltras,8,,,sync_nd;alt_none;gen_masc;stem_u;num_all,
9.0,adbar,9,,*ad-u̯er-o- (see: LEIA A-17),sync_nd;alt_none;gen_neut;stem_o;num_all,
11.0,adnacul,11,,,sync;alt_none;gen_neut;stem_o;num_all,
12.0,adrad,12,,vn. of ad·ora,sync_none;alt_none;gen_masc;stem_u;num_all,
13.0,éitiud,13,,,sync_nd;alt_none;gen_masc;stem_unk;num_all,
14.0,aicned,14,,*ad-gen-e-to- / ad-gen-i-to- (LEIA A-26),sync_nd;alt_none;gen_neut;stem_o;num_all,
15.0,áigthiu,15,,vn. of ad·ágathar,sync_vf;alt_none;gen_fem;stem_n;num_all,
16.0,ail,16,5;62;1,*φali-,sync_none;alt_none;gen_fem;stem_k;num_all,
16.1,ail,16,1,*φali-,sync_none;alt_none;gen_fem;stem_i;num_all,
17.0,áil,17,,,sync_none;alt_vel_stem;gen_fem;stem_i;num_all,
18.0,aille,18,,"< Latin: < allelūia [?] (see also Vendryes, Lex.) < Hebrew: הַלְּלוּיָהּ",sync_vf;alt_none;gen_fem;stem_iā;num_all,
19.0,aimmser,19,,,sync_none;alt_none;gen_fem;stem_ā;num_all,
20.0,enech,20,79;6;5;56,*eni-ku̯a; neuter plurale tantum,sync_nd;alt_none;gen_neut;stem_o;num_all,
20.1,ainach,20,1;6;5,*eni-ku̯a; neuter plurale tantum,sync_nd;alt_none;gen_neut;stem_o;num_all,
21.0,aiṅgel,21,,< Lat. angelus,sync;alt_none;gen_masc;stem_o;num_all,
22.0,ainmm,22,,*anman,sync_none;alt_vel_stem;gen_neut;stem_n;num_all,
23.0,ainmne,23,,,sync_vf;alt_none;gen_fem;stem_nt;num_all,
24.0,áinsem,24,,vn. of ad·nessa,sync_none;alt_none;gen_masc;stem_u;num_all,
25.0,erbert,25,,vn. of ar·beir,sync_nd;alt_none;gen_fem;stem_ā;num_all,
26.0,airchinnech,26,,*φari-ku̯enn-īko-? (GOI 223) ; denominative (adjectival): < airchinn,sync;alt_none;gen_masc;stem_o;num_all,
27.0,airchisecht,27,,vn. of ar·ceissi,sync_none;alt_none;gen_fem;stem_ā;num_all,
28.0,aircor,28,,,sync_nd;alt_none;gen_masc;stem_unk;num_all,
29.0,airde,29,,*φari-u̯ei̯d-i̯o-,sync_vf;alt_none;gen_neut;stem_io;num_all,
30.0,airec,30,,,sync_nd;alt_none;gen_unk;stem_o;num_all,
31.0,airechas,31,,,sync_nd;alt_none;gen_masc;stem_u;num_all,
32.0,airgaire,32,,vn. of ar·gair,sync_vf;alt_none;gen_neut;stem_io;num_all,
33.0,airitiu,33,,vn. of ar·foím,sync_vf;alt_none;gen_fem;stem_n;num_all,
34.0,airlicud,34,,,sync_nd;alt_none;gen_masc;stem_u;num_all,
35.0,airmm,35,,,sync_none;alt_none;gen_fem;stem_i;num_all,
36.0,airmitiu,36,,vn. of ar·moinethar,sync_vf;alt_none;gen_fem;stem_n;num_all,
37.0,aís,37,,,sync_none;alt_none;gen_neut;stem_o;num_all,
38.0,áes,38,,,sync_none;alt_none;gen_masc;stem_u;num_all,
39.0,aisndís,39,,*eχs-ande-u̯ei̯d-ti̯on-; vn. of as·indet,sync_none;alt_none;gen_fem;stem_n;num_all,
40.0,aithe,40,,,sync_vf;alt_none;gen_fem;stem_unk;num_all,
41.0,aithgne,41,,,sync_vf;alt_none;gen_neut;stem_io;num_all,
42.0,aithirge,42,79;6;7;21;82,*ati-eχs-reg-i̯ā-; vn. of ad·eirrig,sync_vf;alt_none;gen_fem;stem_iā;num_all,
42.1,aithrige,42,70;82,*ati-eχs-reg-i̯ā-; vn. of ad·eirrig,sync_vf;alt_none;gen_fem;stem_iā;num_all,
43.0,aithis,43,,,sync_none;alt_none;gen_fem;stem_ī/ā;num_all,
44.0,almmsan,44,,,sync_none;alt_none;gen_fem;stem_ā;num_all,
45.0,altóir,45,,,sync_none;alt_none;gen_fem;stem_unk;num_all,
46.0,altramm,46,,,sync_nd;alt_none;gen_neut;stem_o;num_all,
47.0,amaires,47,,,sync_none;alt_none;gen_fem;stem_ā;num_all,
48.0,amairesach,48,,*an- (negative) + iress (faith),sync;alt_none;gen_masc;stem_o;num_all,
49.0,anad,49,,"*anātu-, vn. of anaid",sync_nd;alt_none;gen_masc;stem_u;num_all,
50.0,ánae,50,,,sync_vf;alt_none;gen_masc;stem_io;num_all,
51.0,anamm-charae,51,79,ainimm + carae,sync_vf;alt_none;gen_masc;stem_nt;num_all,
51.1,anmmchara,51,70,ainimm + carae,sync_none;alt_none;gen_masc;stem_nt;num_all,
52.0,ain-ecnae,52,,,sync_vf;alt_none;gen_masc;stem_io;num_all,
53.0,ain-cride,53,,compound of the negative prefix an- and cride,sync_vf;alt_none;gen_neut;stem_io;num_all,
54.0,ain-ḟius,54,,,sync_none;alt_none;gen_masc;stem_u;num_all,
55.0,anaimm,55,79;6,< Latin: anima,sync;alt_none;gen_fem;stem_n;num_all,
55.1,anaimm,55,79;6,< Latin: anima,sync;alt_none;gen_fem;stem_ī/ā/n;num_all,
55.2,ainimm,55,,< Latin: anima,sync_vel;alt_none;gen_fem;stem_ī/ā/n;num_all,
56.0,apstal,56,,,sync_none;alt_none;gen_masc;stem_o;num_all,
57.0,apstalach,57,,,sync_none;alt_none;gen_fem;stem_ā;num_all,
58.0,apthu,58,,,sync_vf;alt_none;gen_fem;stem_n;num_all,
59.0,airigud,59,,,sync_nd;alt_none;gen_masc;stem_u;num_all,
60.0,áirilliud,60,,vn. of ad·roilli,sync;alt_none;gen_masc;stem_u;num_all,
61.0,armm,61,,< Lat. arma,sync_none;alt_none;gen_neut;stem_o;num_all,
62.0,ascnam,62,,vn. of ad·cosnai,sync_none;alt_none;gen_masc;stem_u;num_all,
63.0,aslach,63,,vn. of ad·slig,sync_nd;alt_none;gen_neut;stem_o;num_all,
64.0,astud,64,,,sync_nd;alt_none;gen_masc;stem_u;num_all,
65.0,athach,65,,,sync;alt_none;gen_fem;stem_ā;num_all,
66.0,athair,66,79;6;7;5,"*φatīr-, φat(e)r-",sync;alt_none;gen_masc;stem_r;num_all,
66.1,athair,66,6;5,"*φatīr-, φat(e)r-",sync_pal;alt_none;gen_masc;stem_r;num_all,
67.0,attrab,67,79;6;7,*ad-treb-o-,sync_none;alt_none;gen_neut;stem_o;num_all,
67.1,áittreb,67,81,*ad-treb-o-,sync_none;alt_none;gen_neut;stem_o;num_all,
68.0,attlugud,68,,vn. of at·tluichedar,sync_pal;alt_none;gen_masc;stem_u;num_all,
69.0,áugtordás,69,,< Lat. auctoritas,sync_nd;alt_none;gen_masc;stem_o;num_all,
70.0,airlatu,70,,,sync_vf;alt_none;gen_masc;stem_t;num_all,
71.0,baë,71,,,sync;alt_none;gen_neut;stem_io;num_all,
72.0,bág,72,,,sync_none;alt_none;gen_fem;stem_ā;num_all,
73.0,bairgen,73,,,sync_none;alt_none;gen_fem;stem_ā;num_all,
74.0,baithes,74,79;81,< Latin: baptisma < Greek: βάπτισμα,sync_nd;alt_none;gen_masc;stem_o;num_all,
74.1,bathais,74,5;50,< Latin: baptisma < Greek: βάπτισμα,sync_nd;alt_none;gen_fem;stem_i;num_all,
74.2,baithis,74,79;50,< Latin: baptisma < Greek: βάπτισμα,sync_nd;alt_none;gen_fem;stem_i;num_all,
75.0,ball,75,,,sync_none;alt_schwagen_masc;stem_o;num_all,
76.0,bás,76,,*bāsto-; vn. of baïd,sync_none;alt_none;gen_neut;stem_o;num_all,
77.0,béimm,77,,*bei̯-smen-; vn. of benaid,sync_none;alt_none;gen_neut;stem_n;num_all,
78.0,bél,78,,,sync_none;alt_eo;gen_masc;stem_o;num_all,
79.0,bélrae,79,,,sync_vf;alt_none;gen_neut;stem_io;num_all,
80.0,ben,80,,*benā- (gen. bnās),sync_none;alt_none;gen_fem;stem_irreg;num_all,
81.0,bendacht,81,,vn. of bendachaid (< Lat. benedictum),sync_none;alt_none;gen_fem;stem_n;num_all,
82.0,béo,82,,,sync_none;alt_none;gen_masc;stem_o;num_all,
83.0,bés,83,,,sync_none;alt_none;gen_masc;stem_u;num_all,
84.0,bésad,84,,,sync_nd;alt_none;gen_masc;stem_u;num_all,
85.0,béscnae,85,,"The eDIL (s.v. bésgnae) claims that this is a compound of bés 1 and gné. But this seems unlikely to be the whole story, since gné is a neuter s-stem, not an i̯o-stem. Some restructuring must have occurred, or there were two nouns gné formed from the same root with different stem classes.",sync_vf;alt_none;gen_neut;stem_io;num_all,
86.0,béstatu,86,,,sync_vf;alt_none;gen_masc;stem_t;num_all,
87.0,bethu,87,,*biu̯-o-tūt-; denominative (abstract): < béo,sync_vf;alt_none;gen_masc;stem_t;num_all,
88.0,biäd,88,,*biu̯-o-to-,sync;alt_none;gen_neut;stem_o;num_all,
89.0,bibdu,89,,,sync_vf;alt_none;gen_masc;stem_t;num_all,
90.0,bith-bethu,90,,,sync_vf;alt_none;gen_masc;stem_t;num_all,
91.0,biuth,91,,*bi-tu-;*bitu-,sync_none;alt_none;gen_masc;stem_u;num_all,
92.0,bolad,92,,,sync;alt_none;gen_masc;stem_u;num_all,
93.0,bráth,93,,*brā-tu-,sync_none;alt_none;gen_masc;stem_u;num_all,
94.0,bráthair,94,,*brātīr-,sync_pal;alt_none;gen_masc;stem_r;num_all,
95.0,bríathar,95,,*brē-trā,sync;alt_none;gen_fem;stem_ā;num_all,
96.0,bríg,96,,*brīg-ā-,sync_none;alt_none;gen_fem;stem_ā;num_all,
97.0,brith,97,79;6;1,vn. of beirid,sync_none;alt_none;gen_fem;stem_i;num_all,
97.1,breith,97,79;7;5;70;35,vn. of beirid,sync_none;alt_none;gen_fem;stem_ā;num_all,
98.0,brithem,98,79;6;12,denominative (+ agent suffix -em): < breth,sync_none;alt_none;gen_masc;stem_n;num_all,
98.1,breithem,98,5,denominative (+ agent suffix -em): < breth,sync_none;alt_none;gen_masc;stem_n;num_all,
99.0,brithemnacht,99,79;6;16;21,denominative (abstract): < brithem,sync_none;alt_none;gen_fem;stem_ā;num_all,
99.1,breithemnacht,99,,denominative (abstract): < brithem,sync_none;alt_none;gen_fem;stem_ā;num_all,
100.0,brón,100,,,sync_none;alt_none;gen_masc;stem_o;num_all,
101.0,búaid,101,,,sync_none;alt_vel_stem;gen_neut;stem_i;num_all,
102.0,buide,102,,,sync_vf;alt_none;gen_fem;stem_iā;num_all,
103.0,buinne,103,,,sync_vf;alt_none;gen_masc;stem_io;num_all,
104.0,buith,104,79;6;7;70;58,*bu-tā-; vn. of ad·tá,sync_none;alt_none;gen_fem;stem_i;num_all,
104.1,beith,104,81,*bu-tā-; vn. of ad·tá,sync_none;alt_none;gen_fem;stem_i;num_all,
104.2,both,104,,*bu-tā-; vn. of ad·tá,sync_none;alt_none;gen_fem;stem_ā;num_all,
105.0,bunad,105,,,sync_nd;alt_none;gen_neut;stem_o;num_all,
106.0,burbbae,106,,,sync_vf;alt_none;gen_fem;stem_iā;num_all,
106.1,buirbbe,106,,,sync_vf;alt_none;gen_fem;stem_iā;num_all,
107.0,caín-chomracc,107,,,sync_nd;alt_none;gen_neut;stem_o;num_all,
108.0,caín-dúthracht,108,,compound: caín + dúthracht,sync_nd;alt_none;gen_fem;stem_ā;num_all,
109.0,caín-gníom,109,,,sync_none;alt_none;gen_masc;stem_u;num_all,
110.0,cáin-scél,110,,,sync_none;alt_eo;gen_neut;stem_o;num_all,
111.0,caindléoir,111,,,sync_nd;alt_none;gen_masc;stem_i;num_all,
112.0,caiṅgen,112,,,sync_nd;alt_none;gen_fem;stem_ā;num_all,
113.0,carae,113,,*kare/ant- ; old participle,sync_vf;alt_none;gen_masc;stem_nt;num_all,
114.0,caratrad,114,,,sync_nd;alt_none;gen_neut;stem_o;num_all,
115.0,carcar,115,,,sync;alt_none;gen_fem;stem_ā;num_all,
116.0,cath,116,,*katu-,sync_none;alt_none;gen_masc;stem_u;num_all,
117.0,cathair,117,,*katarik- ?,sync;alt_none;gen_fem;stem_k;num_all,
117.1,caithir,117,,*katarik- ?,sync_nd;alt_none;gen_fem;stem_k;num_all,
118.0,céile,118,,*kei̯li̯o-,sync_vf;alt_none;gen_masc;stem_io;num_all,
119.0,ceist,119,,< Latin: quaestiō,sync_none;alt_none;gen_fem;stem_ī/ā;num_all,
120.0,céilide,120,,,sync_vf;alt_none;gen_masc;stem_io;num_all,
121.0,ceinél,121,,*kenetlo-,sync_none;alt_iu;gen_neut;stem_o;num_all,
122.0,ceinélae,122,,,sync_vf;alt_eo;gen_neut;stem_io;num_all,
123.0,cenn,123,,*ku̯enno-,sync_none;alt_schwagen_neut;stem_o;num_all,
124.0,cennsae,124,,,sync_vf;alt_none;gen_fem;stem_iā;num_all,
125.0,cerdd,125,,*kerdā-?,sync_none;alt_none;gen_fem;stem_ā;num_all,
126.0,césad,126,,"*cēssātu-, vn. of césaid",sync;alt_none;gen_masc;stem_u;num_all,
127.0,cét,127,,*kanto-,sync_none;alt_none;gen_neut;stem_o;num_all,
128.0,cétbuid,128,,*kintu-buti-; vn. of ceta·bí;*kanta-bu-ti; vn. of ceta·bí,sync_none;alt_none;gen_fem;stem_i;num_all,
129.0,cethardae,129,,,sync_vf;alt_none;gen_neut;stem_io;num_all,
130.0,cethorcho,130,,*ku̯etru-kont- (Greene 1992: 511) ; denumerative: < ceithir,sync_vf;alt_none;gen_masc;stem_t;num_all,
131.0,cíall,131,,*ku̯ei̯llā-,sync_none;alt_none;gen_fem;stem_ā;num_all,
132.0,cimbid,132,,"*kimbi-ti-? ; denominative (+ agent suffix -(th)(a)id): cimm (LEIA) or *kamb-i̯ato- ‘crooked person’ (i.e. bent over in fetters) (David Stifter, p.c.)",sync_none;alt_none;gen_masc;stem_i;num_all,
133.0,ciun,133,,*kinut-?,sync_none;alt_none;gen_masc;stem_t;num_all,
134.0,claideb,134,,< British *klaðiβ < *kladi-bi̯o-,sync_nd;alt_none;gen_masc;stem_o;num_all,
135.0,cland,135,,< Lat. planta,sync_none;alt_none;gen_fem;stem_ā;num_all,
136.0,cleith,136,79,vn. of ceilid,sync_none;alt_none;gen_fem;stem_i;num_all,
136.1,cleth,136,6;7,vn. of ceilid,sync_none;alt_schwagen_fem;stem_ā;num_all,
137.0,cloíne,137,,,sync_vf;alt_none;gen_fem;stem_iā;num_all,
138.0,cobodlus,138,,,sync_nd;alt_none;gen_masc;stem_u;num_all,
139.0,cobuir,139,,*kom-uφo-re/it-,sync;alt_none;gen_fem;stem_unk;num_all,
140.0,coicéilsine,140,,from coicéile = *com + céile,sync_vf;alt_none;gen_fem;stem_iā;num_all,
141.0,cocubus,141,,,sync_nd;alt_none;gen_masc;stem_u;num_all,
142.0,coibdelach,142,,denominative (adjectival): eDIL suggest that this is derived from coibdil (compound: prefix com- + feidil),sync_nd;alt_none;gen_masc;stem_o;num_all,
142.1,coibdelach,142,,denominative (adjectival): eDIL suggest that this is derived from coibdil (compound: prefix com- + feidil),sync_nd;alt_none;gen_fem;stem_ā;num_all,
143.0,coibse,143,,< Latin: cōnfessiō,sync_vf;alt_none;gen_fem;stem_n;num_all,
144.0,coimmdiu,144,,denominative (agent noun): < con·midethar,sync_vf;alt_none;gen_masc;stem_t;num_all,
145.0,col,145,,,sync_none;alt_schwagen_neut;stem_o;num_all,
146.0,colainn,146,,,sync_nd;alt_none;gen_fem;stem_i;num_all,
147.0,comaccobor,147,,,sync;alt_none;gen_neut;stem_o;num_all,
148.0,comairbert,148,,*kom-φari-ber-tā-,sync_none;alt_none;gen_fem;stem_ā;num_all,
149.0,comairle,149,,*kom-φari-li-i̯ā-; vn. of con·airlethar,sync_vf;alt_none;gen_fem;stem_iā;num_all,
150.0,comaitecht,150,79;6;7;70,vn. of con·éitet,sync_nd;alt_none;gen_fem;stem_ā;num_all,
150.1,coimetecht,150,79,vn. of con·éitet,sync_nd;alt_none;gen_fem;stem_ā;num_all,
151.0,comalnad,151,,denominative (abstract) < comlán; vn. of comalnaithir,sync_nd;alt_none;gen_masc;stem_u;num_all,
152.0,comarbbus,152,,,sync_nd;alt_none;gen_masc;stem_u;num_all,
153.0,comardae,153,,*kom-ardu̯i̯ā-,sync_vf;alt_none;gen_fem;stem_iā;num_all,
154.0,coimét,154,6;81,vn. of con·eim and con·ói,sync_none;alt_none;gen_masc;stem_u;num_all,
154.1,coiméit,154,79,vn. of con·eim and con·ói,sync_none;alt_none;gen_masc;stem_u;num_all,
155.0,commaín,155,,,sync_nd;alt_none;gen_fem;stem_i;num_all,
156.0,comnesam,156,,Compound of com- and the superlative of ocus 1.,sync_nd;alt_none;gen_masc;stem_o;num_all,
157.0,comrorggon,157,,vn. of *con·erairg,sync_pal;alt_none;gen_fem;stem_ā;num_all,
158.0,comthinól,158,,,sync_nd;alt_none;gen_neut;stem_o;num_all,
159.0,condairggile,159,,,sync_vf;alt_none;gen_fem;stem_iā;num_all,
160.0,cuntubart,160,79,,sync_none;alt_none;gen_fem;stem_ā;num_all,
160.1,cundubart,160,79,,sync_none;alt_none;gen_fem;stem_ā;num_all,
160.2,cumtubart,160,6;7;5,,sync_none;alt_none;gen_fem;stem_ā;num_all,
160.3,cumdubart,160,6,,sync_none;alt_none;gen_fem;stem_ā;num_all,
161.0,cor,161,,*kur-o-; vn. of fo·ceird,sync_none;alt_schwagen_masc;stem_o;num_all,
162.0,córae,162,,,sync_vf;alt_none;gen_fem;stem_iā;num_all,
163.0,Corainte,163,,,sync_vf;alt_none;gen_masc;stem_io;num_all,
164.0,corp,164,,< Lat. corpus,sync_none;alt_schwagen_masc;stem_o;num_all,
164.1,corp,164,,< Lat. corpus,sync_none;alt_none;gen_masc;stem_o;num_all,
165.0,cosc,165,,vn. of con·secha,sync_none;alt_none;gen_neut;stem_o;num_all,
166.0,coscrad,166,,*kom-skarā-tu-; vn. of con·scara,sync_nd;alt_none;gen_masc;stem_u;num_all,
167.0,cosmuilius,167,,*kom-samali-stu-; denominative (abstract): < cosmail,sync_pal;alt_none;gen_masc;stem_u;num_all,
168.0,cosnam,168,,*kom-snī-mu-; vn. of con·sní,sync_none;alt_none;gen_masc;stem_u;num_all,
169.0,cos,169,,*koχsā-,sync_none;alt_none;gen_fem;stem_ā;num_all,
170.0,cotlud,170,,vn. of con·tuili,sync;alt_epen;gen_masc;stem_u;num_all,
171.0,crábud,171,,,sync_nd;alt_none;gen_masc;stem_o;num_all,
172.0,creitem,172,,vn. of creitid,sync;alt_none;gen_fem;stem_ā;num_all,
173.0,cride,173,,,sync_vf;alt_none;gen_neut;stem_io;num_all,
174.0,croch,174,,< Latin: crux,sync_none;alt_schwagen_fem;stem_ā;num_all,
174.1,croch,174,,< Latin: crux,sync_none;alt_none;gen_fem;stem_ā;num_all,
175.0,crochad,175,,,sync;alt_none;gen_masc;stem_u;num_all,
176.0,crott,176,,,sync_none;alt_none;gen_fem;stem_ā;num_all,
177.0,cruth,177,,*ku̯ritu- ; *ku̯ri-tu-,sync_none;alt_none;gen_masc;stem_u;num_all,
178.0,cúairt,178,,,sync_none;alt_vel_stem;gen_masc;stem_i;num_all,
179.0,cubus,179,,com + fis,sync_pal;alt_none;gen_masc;stem_u;num_all,
180.0,cuimrech,180,,*kom-rig-o-; vn. of con·rig,sync_none;alt_none;gen_neut;stem_o;num_all,
181.0,cuindrech,181,,vn. of con·dírig,sync_nd;alt_none;gen_neut;stem_io;num_all,
182.0,cuingid,182,,vn. of con·diëig,sync_nd;alt_none;gen_fem;stem_i;num_all,
183.0,cuit,183,,*ku̯izdi-,sync_none;alt_none;gen_fem;stem_i;num_all,
184.0,cúl,184,,*kūlo-,sync_none;alt_none;gen_masc;stem_o;num_all,
185.0,cumang,185,79;6;7;70,,sync_nd;alt_none;gen_unk;stem_o;num_all,
185.1,cumac,185,79,,sync_nd;alt_none;gen_unk;stem_o;num_all,
186.0,cumachtae,186,,,sync_vf;alt_none;gen_neut;stem_io;num_all,
187.0,cummae,187,,,sync_vf;alt_none;gen_neut;stem_io;num_all,
188.0,cumsanad,188,,*kom-uss-ana-tu; vn. of con·osna,sync;alt_none;gen_masc;stem_u;num_all,
189.0,cumscugud,189,,vn. of con·oscaigi,sync_pal;alt_none;gen_masc;stem_u;num_all,
190.0,cumtach,190,,*kom-uss-teg-o-; vn. of con·utaing,sync_nd;alt_none;gen_neut;stem_o;num_all,
191.0,cúrsagad,191,79,vn. of cúrsagaid,sync_pal;alt_none;gen_masc;stem_u;num_all,
191.1,cúrsagad,191,6,vn. of cúrsagaid,sync_none;alt_none;gen_masc;stem_u;num_all,
192.0,cutrummus,192,,,sync_nd;alt_none;gen_masc;stem_u;num_all,
193.0,dag-duine,193,,,sync_vf;alt_none;gen_masc;stem_io;num_sg,
193.1,dag-doíni,193,,,sync_vf;alt_none;gen_masc;stem_i;num_pl,
194.0,dag-gním,194,,compound: dag- + gním,sync_none;alt_none;gen_masc;stem_u;num_all,
195.0,daltae,195,,*to-al-ti̯o-,sync_vf;alt_none;gen_masc;stem_io;num_all,
196.0,dam,196,,*damo-,sync_none;alt_schwagen_masc;stem_o;num_all,
197.0,dán,197,,*dānu-,sync_none;alt_none;gen_masc;stem_u;num_all,
198.0,deächt,198,,denominative (abstract): < día,sync;alt_none;gen_fem;stem_ā;num_all,
199.0,deäd,199,79;6;7;70;81,*dīu̯edo-,sync;alt_none;gen_neut;stem_o;num_all,
199.1,deäd,199,,*dīu̯edo-,sync;alt_none;gen_fem;stem_ā;num_all,
200.0,debuith,200,,vn. of di·tá,sync;alt_none;gen_fem;stem_i;num_all,
201.0,dechor,201,7;79;9,,sync;alt_none;gen_neut;stem_o;num_all,
201.1,dechur,201,6;79,,sync;alt_none;gen_neut;stem_o;num_all,
202.0,déide,202,,denominative (collective): < dáu,sync_vf;alt_none;gen_neut;stem_io;num_all,
203.0,déicsiu,203,,*dī-in-ku̯is-ti̯on-; vn. of do·éccai,sync_vf;alt_none;gen_fem;stem_n;num_all,
204.0,deimnigiud,204,6;21,denominative (abstract) < deimin; vn. of deimnigidir,sync_pal;alt_none;gen_masc;stem_u;num_all,
204.1,deimnigud,204,5,denominative (abstract) < deimin; vn. of deimnigidir,sync_pal;alt_none;gen_masc;stem_u;num_all,
205.0,delb,205,,*delu̯ā-,sync_none;alt_none;gen_fem;stem_ā;num_all,
206.0,demun,206,79;6;70;5,;< Latin: daemonium < Greek: δαιμόνῐον,sync;alt_none;gen_masc;stem_o;num_all,
206.1,demon,206,80;81,;< Latin: daemonium < Greek: δαιμόνῐον,sync;alt_none;gen_masc;stem_o;num_all,
206.2,demon,206,5;81,;< Latin: daemonium < Greek: δαιμόνῐον,sync;alt_none;gen_neut;stem_i;num_pl,
207.0,dénum,207,79;6,*de-gnī-mu-; vn. of do·gní,sync;alt_none;gen_masc;stem_u;num_all,
207.1,dénom,207,7,*de-gnī-mu-; vn. of do·gní,sync;alt_none;gen_masc;stem_u;num_all,
207.2,dénam,207,81;70,*de-gnī-mu-; vn. of do·gní,sync;alt_none;gen_masc;stem_u;num_all,
208.0,déoladacht,208,,,sync_nd;alt_none;gen_fem;stem_ā;num_all,
209.0,derchoíniud,209,,vn. of *do·rochoíni,sync;alt_none;gen_masc;stem_u;num_all,
210.0,deiscipul,210,,,sync;alt_none;gen_masc;stem_o;num_all,
211.0,dé-ṡercc,211,,día + serc,sync_none;alt_none;gen_fem;stem_ā;num_all,
212.0,deisimmrecht,212,79;7,,sync_none;alt_none;gen_masc;stem_u;num_all,
212.1,deismrecht,212,6;7,,sync_none;alt_none;gen_masc;stem_u;num_all,
213.0,deithiden,213,79;6,,sync;alt_none;gen_fem;stem_ā;num_all,
213.1,deithitiu,213,70,,sync_vf;alt_none;gen_fem;stem_n;num_all,
214.0,diäs,214,,,sync;alt_none;gen_fem;stem_ā;num_all,
215.0,diäs,215,,,sync;alt_none;gen_fem;stem_ā;num_all,
216.0,diü,216,,*di̯eu̯o-,sync;alt_none;gen_masc;stem_unk;num_all,
217.0,día,217,,*dei̯u̯o-,sync_none;alt_none;gen_masc;stem_o;num_all,
218.0,díabul,218,79;70;21;22,< Lat. diabolus,sync_nd;alt_none;gen_masc;stem_o;num_all,
218.1,díabol,218,5,< Lat. diabolus,sync_nd;alt_none;gen_masc;stem_o;num_all,
219.0,dídnad,219,,vn. of do·dona,sync_nd;alt_none;gen_masc;stem_u;num_all,
220.0,dígal,220,,vn. of do·fich 1,sync;alt_none;gen_fem;stem_ā;num_all,
221.0,dílgud,221,,*dī-lug-o-tu-; vn. of do·luigi,sync_none;alt_none;gen_masc;stem_u;num_all,
222.0,díltud,222,,*dī-slund-e-tu-;  vn. of do·sluindi,sync_nd;alt_none;gen_masc;stem_u;num_all,
223.0,dímicem,223,,vn. of do·meiccethar,sync;alt_none;gen_fem;stem_ā;num_all,
224.0,díoth,224,,*dītu-,sync_none;alt_none;gen_neut;stem_unk;num_all,
225.0,dítiu,225,,vn. of do·eim,sync_vf;alt_none;gen_fem;stem_n;num_all,
226.0,díuitte,226,,,sync_vf;alt_none;gen_fem;stem_iā;num_all,
227.0,dliged,227,,*dlig-e-to-; vn. of dligid,sync_none;alt_none;gen_neut;stem_o;num_all,
228.0,dlúm,228,,*dlūmā- ;,sync_none;alt_none;gen_fem;stem_ā;num_all,
229.0,dodcad,229,,,sync_nd;alt_none;gen_unk;stem_o;num_all,
229.1,doidced,229,,,sync_nd;alt_none;gen_unk;stem_o;num_all,
230.0,doguilse,230,,,sync_vf;alt_none;gen_fem;stem_iā;num_all,
231.0,dóenacht,231,6;70,,sync_none;alt_none;gen_fem;stem_ā;num_all,
231.1,doínecht,231,79,,sync_none;alt_none;gen_fem;stem_ā;num_all,
232.0,doíre,232,,,sync_vf;alt_none;gen_fem;stem_iā;num_all,
233.0,domun,233,,*duβ-no-,sync_nd;alt_none;gen_masc;stem_o;num_all,
234.0,drog-gníom,234,,compound: droch- + gním,sync_none;alt_none;gen_masc;stem_u;num_all,
235.0,druí,235,,*dru-u̯id-,sync_none;alt_none;gen_masc;stem_t;num_all,
235.1,druï,235,,*dru-u̯id-,sync;alt_none;gen_masc;stem_t;num_all,
236.0,du-álaig,236,,,sync_pal;alt_none;gen_fem;stem_i;num_all,
237.0,dúil,237,,,sync_none;alt_none;gen_fem;stem_i;num_all,
238.0,duine,238,,*gdoni̯o-,sync_vf;alt_none;gen_masc;stem_io;num_sg,
238.1,doíni,238,,*gdoni̯o-,sync_vf;alt_none;gen_masc;stem_i;num_pl,
239.0,dul,239,,vn téit ; *dalu-/dolu-;,sync_none;alt_none;gen_masc;stem_u;num_all,
240.0,dúilchinne,240,,,sync_vf;alt_none;gen_fem;stem_iā;num_all,
241.0,dúthracht,241,,*dī-uφo-trank-tā-,sync_nd;alt_none;gen_fem;stem_ā;num_all,
242.0,éicen,242,,,sync_nd;alt_none;gen_fem;stem_ā;num_all,
243.0,eclais,243,6;50;79;81.,< Latin: ecclēsia< Greek: ἐκκλησία,sync;alt_epen;gen_fem;stem_ī/ā;num_all,
243.1,eclais,243,79,< Latin: ecclēsia< Greek: ἐκκλησία,sync;alt_epen;gen_fem;stem_i;num_all,
244.0,écndach,244,,,sync_nd;alt_none;gen_neut;stem_o;num_all,
245.0,écosc,245,,,sync_none;alt_none;gen_neut;stem_o;num_all,
246.0,éitsecht,246,,vn. of in·túaisi,sync_none;alt_none;gen_fem;stem_ā;num_all,
247.0,éitsid,247,,"(+ agent sufix -(th)(a)id, *-i̯ati):",sync_none;alt_none;gen_masc;stem_i;num_all,
248.0,ellach,248,,vn. of in·loing,sync_nd;alt_none;gen_neut;stem_o;num_all,
249.0,éilned,249,,< v. as·lena,sync_nd;alt_none;gen_masc;stem_u;num_all,
250.0,eipeltu,250,79;6,vn. of at·baill,sync_vf;alt_none;gen_fem;stem_n;num_all,
250.1,apaltu,250,6,vn. of at·baill,sync_vf;alt_none;gen_fem;stem_n;num_all,
250.2,eipiltiu,250,70,vn. of at·baill,sync_vf;alt_none;gen_fem;stem_n;num_all,
251.0,eipert,251,,vn. of as·beir,sync_none;alt_none;gen_fem;stem_ā;num_all,
252.0,eipistil,252,,< Latin: epistola < Greek: ἐπῐστολή,sync;alt_none;gen_fem;stem_ī/ā;num_all,
253.0,epscop,253,79;6;5;1;70;50;81,< Latin: episcopus < Greek: ἐπίσκοπος,sync_nd;alt_none;gen_masc;stem_o;num_all,
253.1,espoc,253,1,< Latin: episcopus < Greek: ἐπίσκοπος,sync_nd;alt_none;gen_masc;stem_o;num_all,
254.0,ere,254,,,sync_vf;alt_none;gen_masc;stem_io;num_all,
255.0,eiritic,255,,,sync_none;alt_none;gen_masc;stem_unk;num_all,
256.0,esorggon,256,79,vn. of as·oirg,sync_pal;alt_none;gen_fem;stem_ā;num_all,
256.1,esarggun,256,6,vn. of as·oirg,sync_pal;alt_none;gen_fem;stem_ā;num_all,
257.0,eiséirge,257,,,sync_vf;alt_none;gen_neut;stem_io;num_all,
258.0,ét,258,,,sync_none;alt_eo;gen_masc;stem_o;num_all,
259.0,etarcert,259,79;7,vn. of etar·certa,sync_none;alt_none;gen_fem;stem_ā;num_all,
259.1,etercert,259,6;50,vn. of etar·certa,sync_none;alt_none;gen_fem;stem_ā;num_all,
260.0,étach,260,,*en(i)-tug-o-; vn. of in·tuigethar,sync_nd;alt_none;gen_neut;stem_o;num_all,
261.0,etarddibe,261,,,sync_vf;alt_none;gen_neut;stem_io;num_all,
262.0,etarscarad,262,,vn. of etar·scara,sync;alt_none;gen_masc;stem_u;num_all,
263.0,etarggnae,263,,*enter-gnii̯o-; vn. of etar·gnín,sync_vf;alt_none;gen_neut;stem_io;num_all,
264.0,étrad,264,,denominative (abstract): < ét,sync_nd;alt_none;gen_neut;stem_o;num_all,
265.0,exceptaid,265,,,sync_nd;alt_none;gen_masc;stem_unk;num_all,
266.0,fáilte,266,,< Latin: valentia/volentia [?],sync_vf;alt_none;gen_fem;stem_iā;num_all,
267.0,fáith,267,,,sync_none;alt_none;gen_masc;stem_i;num_all,
268.0,féichem,268,,,sync_none;alt_none;gen_masc;stem_n;num_all,
269.0,fecht,269,,,sync_none;alt_none;gen_fem;stem_ā;num_all,
270.0,fedb,270,,,sync_none;alt_none;gen_fem;stem_ā;num_all,
271.0,felsub,271,79,,sync_nd;alt_none;gen_masc;stem_o;num_all,
271.1,fellsam,271,81,,sync_nd;alt_none;gen_masc;stem_o;num_all,
272.0,fer,272,,*u̯iro-,sync_none;alt_schwagen_masc;stem_o;num_all,
273.0,fergg,273,,,sync_none;alt_none;gen_fem;stem_ā;num_all,
274.0,fetarlaice,274,,from L uetere lege,sync_vf;alt_none;gen_fem;stem_iā;num_all,
274.1,fetarlaice,274,,from L uetere lege,sync_vf;alt_none;gen_neut;stem_io;num_all,
275.0,fíach,275,,,sync_none;alt_none;gen_masc;stem_o;num_all,
276.0,fíadnaise,276,,,sync_vf;alt_none;gen_neut;stem_io;num_all,
277.0,fíon,277,,< Lat. uīnum ; < L uīnum,sync_none;alt_none;gen_neut;stem_u;num_all,
278.0,fíor-día,278,,,sync_none;alt_none;gen_masc;stem_o;num_all,
279.0,fíriánugud,279,,,sync_nd;alt_none;gen_masc;stem_i;num_all,
280.0,fírinne,280,,denominative (abstract): < fírión/fírián/fírén < British,sync_vf;alt_none;gen_fem;stem_iā;num_all,
281.0,fiurt,281,,,sync_none;alt_none;gen_masc;stem_u;num_all,
282.0,fius,282,,*u̯id-tu-; vn. of ro·fitir,sync_none;alt_none;gen_neut;stem_u;num_all,
282.1,fius,282,,*u̯id-tu-; vn. of ro·fitir,sync_none;alt_none;gen_masc;stem_u;num_all,
282.2,fius,282,,*u̯id-tu-; vn. of ro·fitir,sync_none;alt_none;gen_neut;stem_o;num_all,
283.0,flaith,283,,*u̯lati-,sync_none;alt_none;gen_fem;stem_i;num_all,
284.0,flaithemnacht,284,,,sync_none;alt_none;gen_fem;stem_ā;num_all,
285.0,fled,285,,,sync_none;alt_schwagen_fem;stem_ā;num_all,
286.0,fochaith,286,,vn. of fo·saig,sync_none;alt_none;gen_fem;stem_i;num_all,
287.0,fochunn,287,,,sync_nd;alt_none;gen_masc;stem_o;num_all,
288.0,fochraicc,288,,vn. of fo·cren,sync_none;alt_none;gen_fem;stem_ī/ā;num_all,
289.0,fócrae,289,,vn. of fo·ocair,sync_vf;alt_none;gen_neut;stem_io;num_all,
289.1,fúacrae,289,,vn. of fo·ocair,sync_vf;alt_none;gen_neut;stem_io;num_all,
290.0,fodaitiu,290,,vn. of fo·daim,sync_vf;alt_none;gen_fem;stem_n;num_all,
291.0,fognam,291,,,sync_none;alt_none;gen_masc;stem_u;num_all,
292.0,fogur,292,6;79;7,,sync;alt_none;gen_masc;stem_o;num_all,
292.1,fogor,292,7,,sync;alt_none;gen_masc;stem_o;num_all,
293.0,foigde,293,,*uφo-gu̯ed-i̯ā-,sync_vf;alt_none;gen_fem;stem_iā;num_all,
294.0,foilsigud,294,,,sync;alt_none;gen_masc;stem_u;num_all,
295.0,foirbthetu,295,,,sync_vf;alt_none;gen_masc;stem_t;num_all,
296.0,foísitiu,296,,*uφo-sised-ti̯on-; vn. of fo·sissedar,sync_vf;alt_none;gen_fem;stem_n;num_all,
297.0,folad,297,7;79,,sync_nd;alt_none;gen_neut;stem_o;num_all,
297.1,folud,297,6,,sync_nd;alt_none;gen_neut;stem_o;num_all,
298.0,forbae,298,,*uφer-u̯i-i̯o-; vn. of for·fen,sync_vf;alt_none;gen_neut;stem_io;num_all,
299.0,forband,299,,,sync_none;alt_none;gen_neut;stem_o;num_all,
300.0,foircenn,300,79;6;7,*uφer-ku̯enno-; older compound in Milan forcan from *uφer-ku̯enn-o-,sync_nd;alt_none;gen_neut;stem_o;num_all,
300.1,forcan,300,6,*uφer-ku̯enno-; older compound in Milan forcan from *uφer-ku̯enn-o-,sync_nd;alt_none;gen_neut;stem_o;num_all,
301.0,foircital,301,,*uφer-kan-tlo-; vn. of for·cain,sync;alt_none;gen_neut;stem_o;num_all,
302.0,foircitlaid,302,,"(+ agent sufix -(th)(a)id, *-i̯ati):",sync_none;alt_none;gen_masc;stem_i;num_all,
303.0,foirggell,303,79;6;70,vn. of for·gella,sync_nd;alt_none;gen_neut;stem_o;num_all,
303.1,forggal,303,6;81,vn. of for·gella,sync_nd;alt_none;gen_neut;stem_o;num_all,
304.0,formmat,304,,vn. of for·moinethar; *uφer-men-to-,sync_nd;alt_none;gen_neut;stem_o;num_all,
305.0,forṅgaire,305,79;6;70,vn. of for·congair,sync_vf;alt_none;gen_neut;stem_io;num_all,
305.1,forgaire,305,6;7,vn. of for·congair,sync_vf;alt_none;gen_neut;stem_io;num_all,
306.0,foróil,306,,,sync_nd;alt_none;gen_unk;stem_i;num_all,
307.0,fortacht,307,,vn. of for·téit,sync_none;alt_none;gen_fem;stem_ā;num_all,
308.0,forus,308,,*uφer-φro-u̯id-tu- (Irslinger 2002: 101),sync_nd;alt_none;gen_neut;stem_o;num_all,
309.0,frecor,309,,,sync_none;alt_none;gen_masc;stem_o;num_all,
310.0,frecrae,310,,vn. of fris·gair,sync_vf;alt_none;gen_neut;stem_io;num_all,
311.0,freiscsiu,311,79,*u̯rits-ad-ku̯is-ti̯on-; vn. of fris·acci,sync_vf;alt_none;gen_fem;stem_n;num_all,
311.1,freiscisiu,311,6,*u̯rits-ad-ku̯is-ti̯on-; vn. of fris·acci,sync_vf;alt_none;gen_fem;stem_n;num_all,
312.0,frithorggon,312,79,vn. of fris·oirg,sync_pal;alt_none;gen_fem;stem_ā;num_all,
312.1,frithorggun,312,6,vn. of fris·oirg,sync_pal;alt_none;gen_fem;stem_ā;num_all,
313.0,fúath,313,,,sync_none;alt_none;gen_neut;stem_o;num_all,
314.0,fugall,314,79,*uφo-gistlo-; vn. of fo·gella,sync_nd;alt_none;gen_masc;stem_o;num_all,
314.1,fuigell,314,80,*uφo-gistlo-; vn. of fo·gella,sync_nd;alt_none;gen_masc;stem_o;num_all,
315.0,fuil,315,,,sync_none;alt_none;gen_fem;stem_i;num_all,
316.0,fulaṅg,316,79;70,vn. of fo·luigi,sync_nd;alt_none;gen_neut;stem_o;num_all,
316.1,fulach,316,6;80,vn. of fo·luigi,sync_nd;alt_none;gen_neut;stem_o;num_all,
317.0,gabál,317,79;5;1;70;12;47,*gabaglā- (influenced by *kaglā- cf. Schumacher 2000: 205); vn. of gaibid,sync_none;alt_none;gen_fem;stem_ā;num_all,
317.1,gabáil,317,6;1;70,*gabaglā- (influenced by *kaglā- cf. Schumacher 2000: 205); vn. of gaibid,sync_none;alt_none;gen_fem;stem_ā;num_all,
318.0,gairdde,318,,,sync_vf;alt_none;gen_fem;stem_iā;num_all,
319.0,galar,319,,,sync_none;alt_none;gen_neut;stem_o;num_all,
320.0,gáu,320,,*gau̯-ā-,sync_none;alt_none;gen_fem;stem_ā;num_all,
321.0,gein,321,,,sync_none;alt_none;gen_neut;stem_n;num_all,
322.0,gell,322,,,sync_none;alt_schwagen_neut;stem_o;num_all,
323.0,genas,323,,,sync;alt_none;gen_masc;stem_u;num_all,
324.0,geinti,324,,< Lat. gentes ; from Latin gentes,sync_vf;alt_none;gen_masc;stem_i;num_all,
324.1,geintlide,324,,,sync_vf;alt_none;gen_masc;stem_io;num_pl,
326.0,giun,326,,*genu-,sync_none;alt_none;gen_masc;stem_u;num_all,
327.0,glúas,327,,,sync_none;alt_none;gen_fem;stem_ā;num_all,
328.0,gnás,328,,,sync_none;alt_none;gen_fem;stem_ā;num_all,
329.0,gníom,329,,*gnī-mu-; vn. of gniïd,sync_none;alt_none;gen_masc;stem_u;num_all,
330.0,gnúis,330,,,sync_none;alt_none;gen_fem;stem_i;num_all,
331.0,goire,331,,,sync_vf;alt_none;gen_fem;stem_iā;num_all,
332.0,gortae,332,,,sync_vf;alt_none;gen_fem;stem_iā;num_all,
333.0,grád,333,,,sync_none;alt_none;gen_neut;stem_o;num_all,
334.0,gráinne,334,,,sync_vf;alt_none;gen_fem;stem_iā;num_all,
335.0,guide,335,,vn. of guidid,sync_vf;alt_none;gen_fem;stem_iā;num_all,
336.0,íarfaigid,336,,vn. of íarmo·foïch,sync;alt_none;gen_fem;stem_i;num_all,
337.0,íocc,337,,vn. of íccaid,sync_none;alt_none;gen_fem;stem_ā;num_all,
338.0,aidpart,338,,*ad-uss-ber-tā-; vn. of ad·opair,sync_none;alt_none;gen_fem;stem_ā;num_all,
339.0,ídal,339,6;7;81,,sync;alt_none;gen_masc;stem_o;num_all,
339.1,ídol,339,79,,sync;alt_none;gen_masc;stem_o;num_all,
340.0,iffernn,340,,< Lat. infernus,sync_none;alt_none;gen_masc;stem_o;num_all,
341.0,il-baill,341,,,sync_none;alt_none;gen_masc;stem_o;num_all,
342.0,il-béimm,342,,,sync_none;alt_none;gen_neut;stem_n;num_all,
343.0,il-bélrae,343,,,sync_vf;alt_none;gen_neut;stem_io;num_all,
344.0,ilar,344,,,sync_nd;alt_none;gen_neut;stem_o;num_all,
345.0,imbed,345,6;7;50;43,,sync_none;alt_none;gen_neut;stem_o;num_all,
345.1,imbad,345,70;81,,sync_none;alt_none;gen_neut;stem_o;num_all,
346.0,imbresan,346,,*ambi-u̯rits-sn-o-; vn. of imm·fresnai,sync;alt_none;gen_neut;stem_o;num_all,
347.0,immcheist,347,,,sync_none;alt_none;gen_fem;stem_i;num_all,
348.0,immchomarc,348,,vn. of imm·comairc,sync_nd;alt_none;gen_neut;stem_o;num_all,
349.0,immdibe,349,,vn. of imm·diben,sync_vf;alt_none;gen_neut;stem_io;num_all,
350.0,immḟogaibetu,350,,,sync_vf;alt_none;gen_masc;stem_t;num_all,
351.0,immarmus,351,,vn. of imm·ruimdethar,sync_none;alt_none;gen_masc;stem_u;num_all,
352.0,immrádud,352,,vn. of imm·rádi,sync;alt_none;gen_masc;stem_u;num_all,
353.0,immned,353,,,sync_none;alt_none;gen_neut;stem_o;num_all,
354.0,immról,354,,,sync_nd;alt_none;gen_neut;stem_o;num_all,
355.0,immthánad,355,,,sync_nd;alt_none;gen_neut;stem_o;num_all,
355.1,immthánud,355,,,sync_nd;alt_none;gen_masc;stem_u;num_all,
356.0,immthecht,356,,*ambi-tiχtā-; vn. of imm·tét,sync_none;alt_none;gen_fem;stem_ā;num_all,
357.0,immthrénugud,357,,denominative (abstract) < trén; vn. of imm·trénaigedar,sync_nd;alt_none;gen_masc;stem_u;num_all,
358.0,immthugae,358,,,sync_vf;alt_none;gen_fem;stem_iā;num_all,
359.0,incholnugud,359,,denominative < colainn; calque on Lat. in-carn-atio; vn. of **incholnaigidir,sync_pal;alt_none;gen_masc;stem_u;num_all,
360.0,indarbbae,360,,*ande-ad-φro-uss-bi-i̯o-; vn. of ind·árban,sync_vf;alt_none;gen_neut;stem_io;num_all,
361.0,indas,361,,vn. of in·fét,sync_nd;alt_none;gen_neut;stem_u;num_all,
362.0,indeb,362,,,sync_nd;alt_none;gen_neut;stem_o;num_all,
363.0,indírge,363,,,sync_vf;alt_none;gen_fem;stem_iā;num_all,
364.0,indnaide,364,,vn. of ind·neät,sync_vf;alt_none;gen_neut;stem_io;num_all,
365.0,inducbál,365,6;7,;vn. of *ind·ocaib,sync_none;alt_none;gen_fem;stem_ā;num_all,
365.1,indocbál,365,79,;vn. of *ind·ocaib,sync_none;alt_none;gen_fem;stem_ā;num_all,
366.0,ingen,366,,*enigenā-,sync_none;alt_none;gen_fem;stem_ā;num_all,
367.0,ingnae,367,79,vn. of in·gnin,sync_vf;alt_none;gen_neut;stem_io;num_all,
367.1,engnae,367,79;6,vn. of in·gnin,sync_vf;alt_none;gen_neut;stem_io;num_all,
368.0,ingreimm,368,79;5.,vn. of in·greinn/ad·greinn,sync_none;alt_none;gen_neut;stem_n;num_all,
368.1,ingraimm,368,6,vn. of in·greinn/ad·greinn,sync_none;alt_vel_stem;gen_neut;stem_n;num_all,
369.0,inne,369,,,sync_vf;alt_none;gen_fem;stem_iā;num_all,
370.0,insce,370,,,sync_vf;alt_none;gen_fem;stem_iā;num_all,
371.0,intliucht,371,,< Lat. intellectus,sync_nd;alt_none;gen_masc;stem_u;num_all,
372.0,intamail,372,,vn. of in·samlathar,sync;alt_none;gen_fem;stem_ī/ā;num_all,
373.0,airáil,373,,,sync_nd;alt_none;gen_fem;stem_i;num_all,
374.0,airbág,374,,,sync_none;alt_none;gen_fem;stem_ā;num_all,
375.0,airchrae,375,,,sync_vf;alt_none;gen_neut;stem_io;num_all,
376.0,ereschae,376,,,sync_vf;alt_none;gen_fem;stem_iā;num_all,
377.0,eres,377,,*φari-sist-ā-,sync_none;alt_none;gen_fem;stem_ā;num_all,
378.0,airḟócrae,378,,,sync_nd;alt_none;gen_neut;stem_io;num_all,
378.1,airḟúacrae,378,,,sync_nd;alt_none;gen_neut;stem_io;num_all,
379.0,airgal,379,,vn. of ar·fich,sync_none;alt_none;gen_fem;stem_ā;num_all,
380.0,airnaigde,380,,*φari-ni-gu̯ed-i̯ā-; vn. of ar·neget,sync_vf;alt_none;gen_fem;stem_iā;num_all,
381.0,ittge,381,,,sync_vf;alt_none;gen_masc;stem_io;num_all,
383.1,Iúdae,383,,,sync_vf;alt_none;gen_masc;stem_io;num_pl,
383.0,Iúdaide,383,,,sync_vf;alt_none;gen_masc;stem_io;num_sg,
384.0,laë,384,,,sync;alt_none;gen_neut;stem_io;num_all,
385.0,lám,385,,*φlāmā-,sync_none;alt_none;gen_fem;stem_ā;num_all,
386.0,labrad,386,,*labarātu-; vn. of labraithir,sync_none;alt_none;gen_masc;stem_u;num_all,
387.0,laithe,387,,,sync_vf;alt_none;gen_neut;stem_io;num_all,
388.0,lánamnas,388,,denominative (abstract): < lánamain,sync_none;alt_none;gen_masc;stem_u;num_all,
389.0,lánae,389,,,sync_vf;alt_none;gen_fem;stem_iā;num_all,
389.1,láine,389,,,sync_vf;alt_none;gen_fem;stem_iā;num_all,
390.0,lann,390,,< Latin: lāmina; but see Ériu xxvi 175,sync_none;alt_none;gen_fem;stem_ā;num_all,
391.0,láthar,391,,,sync_nd;alt_none;gen_neut;stem_o;num_all,
392.0,legad,392,,vn. of legaid,sync;alt_none;gen_masc;stem_u;num_all,
393.0,léigend,393,,< Lat. legendum; vn. of légaid,sync_nd;alt_none;gen_neut;stem_o;num_all,
394.0,léire,394,,*lei̯ri̯ā- ?,sync_vf;alt_none;gen_fem;stem_iā;num_all,
395.0,les,395,,,sync_none;alt_schwagen_masc;stem_u;num_all,
396.0,lestar,396,,,sync;alt_none;gen_neut;stem_o;num_all,
397.0,leth,397,,*φlete/os-,sync_none;alt_none;gen_neut;stem_s;num_all,
397.1,leth,397,,*φlete/os-,sync_none;alt_none;gen_neut;stem_o;num_all,
398.0,lië,398,,*līu̯ank-,sync;alt_none;gen_masc;stem_nk;num_all,
398.1,lië,398,,*līu̯ank-,sync;alt_none;gen_fem;stem_nk;num_all,
399.0,lí,399,,*līg-,sync_none;alt_none;gen_neut;stem_k;num_all,
399.1,lí,399,,*līg-,sync_none;alt_none;gen_neut;stem_indecl;num_all,
400.0,lín,400,,,sync_none;alt_none;gen_masc;stem_u;num_all,
400.1,lín,400,,,sync_none;alt_none;gen_neut;stem_u;num_all,
401.0,lobad,401,,vn. of lobaid,sync_nd;alt_none;gen_masc;stem_u;num_all,
402.0,lobrae,402,,,sync_vf;alt_none;gen_fem;stem_iā;num_all,
403.0,loc,403,,,sync_none;alt_schwagen_masc;stem_o;num_all,
404.0,lóg,404,,,sync_none;alt_none;gen_neut;stem_s;num_all,
404.1,lúag,404,,,sync_none;alt_none;gen_neut;stem_s;num_all,
405.0,lucht,405,,*luχtu-,sync_none;alt_none;gen_masc;stem_u;num_all,
406.0,luige,406,79;5,;*lug-i̯o-; vn. of tongaid,sync_vf;alt_none;gen_neut;stem_io;num_all,
406.1,lugae,406,6,;*lug-i̯o-; vn. of tongaid,sync_vf;alt_none;gen_neut;stem_io;num_all,
407.0,mám,407,,,sync_none;alt_none;gen_masc;stem_u;num_all,
408.0,macc,408,,*maku̯ku̯o-,sync_none;alt_none;gen_masc;stem_o;num_all,
409.0,machdad,409,6;7;22;80,,sync_nd;alt_none;gen_masc;stem_o;num_all,
409.1,machthad,409,79;6;5,,sync_nd;alt_none;gen_masc;stem_o;num_all,
410.0,maigister,410,,,sync;alt_none;gen_masc;stem_o;num_all,
411.0,maín,411,,*moi̯ni-,sync_none;alt_none;gen_fem;stem_i;num_all,
412.0,martrae,412,,< Lat. martyrium but formed on the base of Ir. martar,sync_vf;alt_none;gen_fem;stem_iā;num_all,
413.0,mebul,413,,*me(m)blā- (LEIA M-26);*me(m)bl-ā- (LEIA M-26),sync_nd;alt_none;gen_fem;stem_ā;num_all,
414.0,méit,414,79;81;6;5,"*mantī-; méit was originally an ī-stem, which at some point became an ā-stem mét, with the (occasional) possiblity to have dative/accusative mét.",sync_none;alt_none;gen_fem;stem_ī/ā;num_all,
414.1,mét,414,6;7;22;1,"*mantī-; méit was originally an ī-stem, which at some point became an ā-stem mét, with the (occasional) possiblity to have dative/accusative mét.",sync_none;alt_none;gen_fem;stem_ī/ā;num_all,
415.0,menmmae,415,,*men-men-,sync_vf;alt_none;gen_masc;stem_n;num_all,
416.0,meirtrech,416,,,sync_none;alt_none;gen_fem;stem_ā;num_all,
417.0,mes,417,,*med-tu-; vn. of midithir,sync_none;alt_none;gen_masc;stem_u;num_all,
418.0,míl,418,,,sync_none;alt_none;gen_masc;stem_t;num_all,
419.0,míle,419,,< Lat. mīlia,sync_vf;alt_none;gen_fem;stem_iā;num_all,
420.0,mílte,420,,,sync_vf;alt_none;gen_unk;stem_io;num_all,
421.0,miscuis,421,,,sync_nd;alt_none;gen_fem;stem_n;num_all,
422.0,mod,422,,,sync_none;alt_schwagen_masc;stem_o;num_all,
423.0,moídem,423,,,sync;alt_none;gen_fem;stem_ā;num_all,
424.0,molad,424,,*mol-ā-tu-; vn. of molaithir; denominative (abstract): < mol,sync;alt_none;gen_masc;stem_u;num_all,
425.0,mórad,425,,,sync_nd;alt_none;gen_masc;stem_u;num_all,
426.0,mrath,426,,,sync_none;alt_none;gen_neut;stem_o;num_all,
427.0,mug,427,,,sync_none;alt_none;gen_masc;stem_u;num_all,
428.0,múnad,428,,,sync_nd;alt_none;gen_masc;stem_u;num_all,
428.1,múined,428,,,sync_nd;alt_none;gen_masc;stem_u;num_all,
429.0,muinter,429,79;70;5;1,<Lat. monasterium? via British?,sync_none;alt_none;gen_fem;stem_ā;num_all,
429.1,muntar,429,6;7,<Lat. monasterium? via British?,sync_none;alt_none;gen_fem;stem_ā;num_all,
430.0,neb-buith,430,,,sync_none;alt_none;gen_fem;stem_ā;num_all,
431.0,neb-chomalnad,431,,,sync_none;alt_none;gen_masc;stem_u;num_all,
432.0,neb-martu,432,,,sync_vf;alt_none;gen_masc;stem_nt;num_all,
433.0,neb-thabart,433,,,sync_nd;alt_none;gen_fem;stem_ā;num_all,
434.0,nem,434,,*nem-o/es-,sync_none;alt_schwagen_neut;stem_s;num_all,
435.0,nert,435,,*nerto-,sync_none;alt_none;gen_neut;stem_o;num_all,
436.0,nertad,436,,vn. of nertaid,sync;alt_none;gen_masc;stem_u;num_all,
437.0,nochtae,437,,,sync_vf;alt_none;gen_fem;stem_iā;num_all,
438.0,nóebad,438,,,sync_nd;alt_none;gen_masc;stem_u;num_all,
439.0,nuḟíadnaise,439,,,sync_vf;alt_none;gen_neut;stem_io;num_all,
440.0,úacht,440,6;81;5,*ou̯g-tu-,sync_none;alt_none;gen_masc;stem_u;num_all,
440.1,ócht,440,79,*ou̯g-tu-,sync_none;alt_none;gen_masc;stem_u;num_all,
441.0,ógae,441,79;6;7;5,*φou̯gi̯ā- ?,sync_vf;alt_none;gen_fem;stem_iā;num_all,
441.1,óige,441,81;70,*φou̯gi̯ā- ?,sync_vf;alt_none;gen_fem;stem_iā;num_all,
442.0,oígi,442,,,sync_vf;alt_none;gen_masc;stem_t;num_all,
443.0,óenur,443,,;compound: óen + fer,sync_nd;alt_none;gen_masc;stem_o;num_all,
444.0,óentu,444,,,sync_vf;alt_none;gen_masc;stem_t;num_all,
444.1,óentu,444,,,sync_vf;alt_none;gen_fem;stem_t;num_all,
445.0,oipred,445,,derivative of opar (opair) < L opera,sync_nd;alt_none;gen_masc;stem_u;num_all,
446.0,olc,446,,*ulku̯-o/ā-,sync_none;alt_schwagen_masc;stem_o;num_all,
446.1,olc,446,,*ulku̯-o/ā-,sync_none;alt_schwagen_neut;stem_o;num_all,
446.2,olc,446,,*ulku̯-o/ā-,sync_none;alt_schwagen_fem;stem_ā;num_all,
447.0,olc,447,,*ulku̯-o/ā-,sync_none;alt_schwagen_neut;stem_o;num_all,
448.0,ómon,448,79;5;70;1,*φoβ-no-,sync_nd;alt_none;gen_masc;stem_o;num_all,
448.1,ómun,448,6;22,*φoβ-no-,sync_nd;alt_none;gen_masc;stem_o;num_all,
448.2,omun,448,79;6,*φoβ-no-,sync_nd;alt_none;gen_masc;stem_u;num_all,
449.0,úar,449,79;6,< Latin: hōra,sync_none;alt_none;gen_fem;stem_ā;num_all,
449.1,ór,449,79,< Latin: hōra,sync_none;alt_none;gen_fem;stem_ā;num_all,
450.0,ordd,450,,< Latin: ōrdō,sync_none;alt_schwagen_masc;stem_o;num_all,
451.0,orbbae,451,,,sync_vf;alt_none;gen_neut;stem_io;num_all,
452.0,peccad,452,,< Latin: peccatum,sync;alt_none;gen_masc;stem_u;num_all,
453.0,peccthach,453,,,sync_none;alt_none;gen_masc;stem_o;num_all,
454.0,pían,454,,< Latin: poena < Greek: ποινή,sync_none;alt_none;gen_fem;stem_ā;num_all,
455.0,pennait,455,,"a learned formation from Lat. poenitere or poenitentia (see Thurn. Hdb. 517 , Pedersen Vgl. Gr. i 213)",sync_nd;alt_none;gen_fem;stem_ī/ā;num_all,
456.0,persan,456,,< Latin: persona,sync_none;alt_none;gen_fem;stem_ā;num_all,
457.0,popul,457,,< Latin: populus,sync;alt_none;gen_masc;stem_o;num_all,
458.0,preicept,458,,< Lat. praeceptum; vn. of pridchid,sync_none;alt_none;gen_fem;stem_ā;num_all,
459.0,preiceptóir,459,,agent suffix -(e)óir: < Latin praeceptor but with a shift of suffix.,sync_none;alt_none;gen_masc;stem_i;num_all,
460.0,prímit,460,,,sync_none;alt_none;gen_fem;stem_i;num_all,
461.0,proind,461,79,< Lat. prandium,sync_none;alt_none;gen_fem;stem_ā;num_all,
461.1,praind,461,70;1,< Lat. prandium,sync_none;alt_none;gen_fem;stem_ā;num_all,
462.0,rann,462,,*φrasnā-,sync_none;alt_none;gen_fem;stem_ā;num_all,
463.0,rath,463,,,sync_none;alt_none;gen_neut;stem_o;num_all,
464.0,reë,464,,,sync;alt_none;gen_fem;stem_iā;num_all,
464.1,ré,464,,,sync_none;alt_none;gen_fem;stem_iā;num_all,
465.0,recht,465,,,sync_none;alt_none;gen_masc;stem_u;num_all,
466.0,rét,466,6;7;21;70,*rentu-,sync_none;alt_none;gen_masc;stem_u;num_all,
466.1,réit,466,79,*rentu-,sync_none;alt_none;gen_masc;stem_u;num_all,
467.0,rélad,467,,vn. of rélaid,sync;alt_none;gen_masc;stem_u;num_all,
468.0,ríar,468,,,sync_none;alt_none;gen_fem;stem_ā;num_all,
469.0,ríchtu,469,,vn. of ro·icc,sync_vf;alt_none;gen_fem;stem_n;num_all,
470.0,rí,470,,*rīg-,sync_none;alt_none;gen_masc;stem_k;num_all,
471.0,riuth,471,,*ri-tu-; vn. of reithid,sync_none;alt_none;gen_masc;stem_u;num_all,
472.0,rosc,472,,,sync_none;alt_schwagen_neut;stem_o;num_all,
472.1,rosc,472,,,sync_none;alt_none;gen_neut;stem_o;num_all,
473.0,ruccae,473,,,sync_vf;alt_none;gen_neut;stem_io;num_all,
474.0,rún,474,,*rūn-ā-,sync_none;alt_none;gen_fem;stem_ā;num_all,
475.0,sapait,475,,,sync_none;alt_none;gen_fem;stem_i;num_all,
476.0,sacart,476,,< Lat. sacerdōs,sync_none;alt_none;gen_masc;stem_o;num_all,
477.0,sáeb-apstal,477,,,sync_none;alt_none;gen_masc;stem_o;num_all,
478.0,saigid,478,,*sag-i-ti-; vn. of saigid,sync_nd;alt_none;gen_fem;stem_i;num_all,
479.0,sáegul,479,,,sync_nd;alt_none;gen_masc;stem_o;num_all,
480.0,sain-laë,480,,,sync;alt_none;gen_neut;stem_io;num_all,
481.0,sainred,481,,denominative (abstract): < sain,sync_none;alt_none;gen_neut;stem_o;num_all,
482.0,sáeth,482,,*sai̯-tu-,sync_none;alt_none;gen_masc;stem_u;num_all,
483.0,sáethar,483,,denominative (abstract): < sáeth,sync_nd;alt_none;gen_neut;stem_o;num_all,
484.0,salmm,484,,< Latin: psalmus,sync_none;alt_none;gen_masc;stem_o;num_all,
485.0,sant,485,,,sync_none;alt_none;gen_fem;stem_ā;num_all,
486.0,scarad,486,,vn. of scaraid,sync_nd;alt_none;gen_masc;stem_u;num_all,
487.0,scél,487,,,sync_none;alt_eo;gen_neut;stem_o;num_all,
488.0,scríbend,488,6;7;22;44,< Lat. scrībendum; vn. of scríbaid,sync_nd;alt_none;gen_neut;stem_o;num_all,
488.1,scríbent,488,79,< Lat. scrībendum; vn. of scríbaid,sync_nd;alt_none;gen_neut;stem_o;num_all,
489.0,seichem,489,,vn. of seichithir,sync_nd;alt_none;gen_fem;stem_ā;num_all,
490.0,sechtae,490,,,sync_vf;alt_none;gen_fem;stem_iā;num_all,
490.1,seichte,490,,,sync_vf;alt_none;gen_fem;stem_iā;num_all,
491.0,secndap,491,,< Lat. secundus abbas,sync_none;alt_none;gen_masc;stem_t;num_all,
492.0,sen-duine,492,,,sync_vf;alt_schwa;gen_masc;stem_io;num_all,
493.0,sen-máthair,493,,,sync_nd;alt_none;gen_fem;stem_r;num_all,
494.0,sen-pheccad,494,,,sync;alt_schwa;gen_masc;stem_u;num_all,
495.0,senchas,495,,denominative (abstract): < senchae < sen 1,sync_none;alt_none;gen_masc;stem_u;num_all,
496.0,seinmm,496,5;70,,sync_none;alt_vel_stem;gen_neut;stem_n;num_all,
496.1,seinimm,496,79,,sync_none;alt_vel_stem;gen_neut;stem_n;num_all,
497.0,serbae,497,,,sync_vf;alt_none;gen_fem;stem_iā;num_all,
497.1,seirbe,497,,,sync_vf;alt_none;gen_fem;stem_iā;num_all,
498.0,sercc,498,,*serk-ā-; vn. of caraid,sync_none;alt_none;gen_fem;stem_ā;num_all,
499.0,sét,499,,*su̯anto-? (LEIA S-99),sync_none;alt_eo;gen_masc;stem_o;num_all,
500.0,sét,500,5;70;79,*sentu-,sync_none;alt_none;gen_masc;stem_u;num_all,
500.1,séit,500,79,*sentu-,sync_none;alt_none;gen_masc;stem_u;num_all,
501.0,séitig,501,,,sync;alt_none;gen_fem;stem_ī/ā;num_all,
502.0,síans,502,79;6,,sync_none;alt_none;gen_masc;stem_u;num_all,
502.1,séns,502,7;12;13,,sync_none;alt_none;gen_masc;stem_u;num_all,
503.0,síd,503,,*sīd-e/os-,sync_none;alt_none;gen_neut;stem_s;num_all,
504.0,síol,504,,*sīlo-,sync_none;alt_none;gen_neut;stem_o;num_all,
505.0,smacht,505,,,sync_none;alt_none;gen_masc;stem_u;num_all,
506.0,so-scélae,506,,so- + scél,sync_vf;alt_none;gen_masc;stem_io;num_all,
507.0,sochuide,507,,*su-ku̯oti̯ā-,sync_vf;alt_none;gen_fem;stem_iā;num_all,
508.0,soilse,508,,"denominative (abstract): < solus (adjective prefix so-/su- + the root of lés, compare dolus)",sync_vf;alt_none;gen_fem;stem_iā;num_all,
509.0,sóerad,509,,vn. of soíraid,sync;alt_none;gen_masc;stem_u;num_all,
510.0,soíre,510,,,sync_vf;alt_none;gen_fem;stem_iā;num_all,
511.0,sonartae,511,6;21,denominative (abstract): < sonairt [See Griffith’s (2007) etymology],sync_vf;alt_none;gen_fem;stem_iā;num_all,
511.1,sonairte,511,,denominative (abstract): < sonairt [See Griffith’s (2007) etymology],sync_vf;alt_none;gen_fem;stem_iā;num_all,
512.0,spirut,512,79,< Latin: spiritus,sync;alt_none;gen_masc;stem_u;num_all,
512.1,spirut,512,79;5,< Latin: spiritus,sync_none;alt_none;gen_masc;stem_u;num_all,
512.2,spiurt,512,6;50,< Latin: spiritus,sync_none;alt_none;gen_masc;stem_u;num_all,
513.0,súainem,513,,,sync_none;alt_none;gen_masc;stem_n;num_all,
514.0,su-álaig,514,,,sync;alt_none;gen_fem;stem_i;num_all,
515.0,suide,515,,vn. of saidid,sync_vf;alt_none;gen_neut;stem_io;num_all,
516.0,súil,516,,*sūli-,sync_none;alt_none;gen_fem;stem_i;num_all,
517.0,tabairt,517,79;6;70;1,*to-ber-tā-; vn. of do·beir,sync_none;alt_none;gen_fem;stem_ā;num_all,
517.1,tabart,517,79;6,*to-ber-tā-; vn. of do·beir,sync_none;alt_none;gen_fem;stem_ā;num_all,
518.0,taidbsiu,518,,vn. of do·adbat,sync_vf;alt_none;gen_fem;stem_n;num_all,
519.0,taidchor,519,,vn. of do·aithchuiredar,sync_nd;alt_none;gen_masc;stem_o;num_all,
519.1,taidchur,519,,vn. of do·aithchuiredar,sync_nd;alt_none;gen_masc;stem_o;num_all,
520.0,taidchricc,520,,vn. of do·aithchren,sync_none;alt_none;gen_fem;stem_ī/ā;num_all,
520.1,taidchrecc,520,,vn. of do·aithchren,sync_none;alt_none;gen_fem;stem_ā;num_all,
521.0,táirggiud,521,,vn. of do·áirci,sync_nd;alt_none;gen_masc;stem_u;num_all,
522.0,tairisem,522,,*to-φari-stā-mu-; vn. of do·airissedar;vn. of do·airissedar,sync_nd;alt_none;gen_masc;stem_u;num_all,
523.0,tairmmthecht,523,,vn. of tarmi·tét,sync_none;alt_none;gen_masc;stem_u;num_all,
524.0,tairṅgire,524,,*to-φari-eni-gar-i̯o-; vn. of do·airngir,sync_vf;alt_none;gen_neut;stem_io;num_all,
525.0,talam,525,,*telamon-,sync;alt_none;gen_masc;stem_n;num_all,
526.0,tathaír,526,,,sync_nd;alt_none;gen_fem;stem_ā;num_all,
527.0,techt,527,,*tig-tā-; vn. of téit,sync_none;alt_none;gen_fem;stem_ā;num_all,
528.0,techtairecht,528,,,sync_none;alt_none;gen_fem;stem_ā;num_all,
529.0,tecmmallad,529,,vn. of do·ecmalla,sync_nd;alt_none;gen_masc;stem_u;num_all,
530.0,techtaire,530,,< techt,sync_vf;alt_none;gen_masc;stem_io;num_all,
531.0,teg,531,,*teg-o/es-,sync_none;alt_schwa;gen_neut;stem_s;num_all,
531.1,tech,531,,*teg-o/es-,sync_none;alt_schwa;gen_neut;stem_s;num_all,
531.2,taig,531,,*teg-o/es-,sync_none;alt_none;gen_neut;stem_s;num_all,
532.0,tegdais,532,,,sync_none;alt_none;gen_fem;stem_i;num_all,
533.0,teglach,533,,,sync_nd;alt_none;gen_neut;stem_o;num_all,
534.0,teist,534,,< Lat. testis,sync_none;alt_none;gen_fem;stem_i;num_all,
535.0,teimel,535,,,sync_nd;alt_none;gen_masc;stem_o;num_all,
536.0,tempul,536,,< Latin: templum,sync;alt_none;gen_masc;stem_o;num_all,
537.0,tairchomracc,537,,vn. of do·airchomraicci,sync_nd;alt_none;gen_neut;stem_o;num_all,
538.0,testas,538,,,sync_none;alt_none;gen_masc;stem_u;num_all,
539.0,teistimin,539,,,sync;alt_none;gen_masc;stem_indecl/i;num_all,
539.1,teistimin,539,,,sync;alt_none;gen_fem;stem_indecl/i;num_all,
540.0,tíchtu,540,,*to-inχ-ti̯on-; vn. of do·icc,sync_vf;alt_none;gen_fem;stem_n;num_all,
541.0,timmnae,541,,,sync_vf;alt_none;gen_neut;stem_io;num_all,
542.0,timmthirecht,542,79;7;70,vn. of do·imthiret,sync_nd;alt_none;gen_fem;stem_ā;num_all,
542.1,timmthrecht,542,6,vn. of do·imthiret,sync_nd;alt_none;gen_fem;stem_ā;num_all,
543.0,tinchosc,543,,,sync_nd;alt_none;gen_neut;stem_o;num_all,
544.0,tindnaccul,544,79;6;7,vn. of do·indnaig,sync_nd;alt_none;gen_neut;stem_o;num_all,
544.1,tindnaccol,544,7,vn. of do·indnaig,sync_nd;alt_none;gen_neut;stem_o;num_all,
545.0,tinól,545,,,sync_nd;alt_none;gen_neut;stem_o;num_all,
546.0,tintúd,546,6;7;5,*to-ande-suu̯e-tu-; vn. of do·intaí.,sync_none;alt_none;gen_masc;stem_u;num_all,
546.1,tintúth,546,79,*to-ande-suu̯e-tu-; vn. of do·intaí.,sync_none;alt_none;gen_masc;stem_u;num_all,
547.0,tír,547,,*tīr-o/es-,sync_none;alt_none;gen_neut;stem_s;num_all,
548.0,titul,548,,,sync;alt_none;gen_masc;stem_o;num_all,
549.0,tóbae,549,,*to-uφo-bi-i̯o-; vn. of do·fuiben,sync_vf;alt_none;gen_neut;stem_io;num_all,
550.0,toidiusgud,550,79;6,vn. of do·díuschi,sync_nd;alt_none;gen_masc;stem_io;num_all,
550.1,toidiuscud,550,81;70,vn. of do·díuschi,sync_nd;alt_none;gen_masc;stem_io;num_all,
551.0,togairmm,551,,vn. of **do·gair,sync_none;alt_vel_stem;gen_neut;stem_n;num_all,
552.0,tóeb,552,,,sync_none;alt_none;gen_masc;stem_o;num_all,
553.0,toimtiu,553,,,sync_vf;alt_none;gen_fem;stem_n;num_all,
554.0,toíniud,554,,vn. of do·fuin,sync_nd;alt_none;gen_masc;stem_u;num_all,
555.0,toisc,555,,,sync_none;alt_vel_stem;gen_fem;stem_i;num_all,
556.0,tol,556,,*tolā-,sync_none;alt_schwa;gen_fem;stem_ā;num_all,
557.0,tomalt,557,,vn. of do·meil,sync_none;alt_none;gen_fem;stem_ā;num_all,
558.0,torad,558,,*to-ret-o-,sync;alt_none;gen_neut;stem_o;num_all,
559.0,torbae,559,,vn. of do·rorban,sync_vf;alt_none;gen_neut;stem_io;num_all,
560.0,toros,560,,,sync;alt_none;gen_fem;stem_ā;num_all,
560.1,toirse,560,,,sync_vf;alt_none;gen_fem;stem_iā;num_all,
561.0,tosach,561,,*to-uss-sag-o-?,sync;alt_none;gen_neut;stem_o;num_all,
562.0,toischid,562,,"vn. of *to-ad-saig, *to-oss-saig (See GOI 53)",sync_nd;alt_none;gen_fem;stem_i;num_all,
562.1,taischid,562,,"vn. of *to-ad-saig, *to-oss-saig (See GOI 53)",sync_nd;alt_none;gen_fem;stem_i;num_all,
562.2,taiscid,562,,"vn. of *to-ad-saig, *to-oss-saig (See GOI 53)",sync_nd;alt_none;gen_fem;stem_i;num_all,
563.0,tréide,563,,denominative (collective): < trí,sync_vf;alt_none;gen_neut;stem_io;num_all,
564.0,triär,564,,trí + fer,sync;alt_none;gen_masc;stem_o;num_all,
565.0,tróccaire,565,,nominal derivative of trócar,sync_vf;alt_none;gen_fem;stem_iā;num_all,
566.0,túarggun,566,,vn. of do·fúairc,sync;alt_none;gen_fem;stem_ā;num_all,
567.0,túarae,567,,,sync_vf;alt_none;gen_fem;stem_iā;num_all,
568.0,túath,568,,*tou̯tā-,sync_none;alt_none;gen_fem;stem_ā;num_all,
569.0,tuidecht,569,,*to-tiχtā-; vn. of do·tét,sync_none;alt_none;gen_fem;stem_ā;num_all,
570.0,tuistid,570,,"deverbal (+ agent suffix -(th)(a)id, *-i̯ati): < do·fuissim",sync_none;alt_none;gen_masc;stem_i;num_all,
571.0,tuistiu,571,,vn. of do·fuissim,sync_vf;alt_none;gen_fem;stem_n;num_all,
572.0,úabar,572,,,sync_nd;alt_none;gen_masc;stem_o;num_all,
572.1,óbar,572,,,sync_nd;alt_none;gen_masc;stem_o;num_all,
573.0,úailbe,573,,,sync_vf;alt_none;gen_fem;stem_iā;num_all,
574.0,úall,574,,,sync_none;alt_none;gen_fem;stem_ā;num_all,
575.0,úathad,575,,"*au̯tīt-o/ā- [?] (cf. Greene, Ériu 22.180); derived from úath",sync_nd;alt_none;gen_neut;stem_o;num_all,
576.0,umaldóit,576,79,< Latin: humilitās(gen. humilitātis),sync_nd;alt_none;gen_fem;stem_ī/ā;num_all,
576.1,omaldóit,576,6;70,< Latin: humilitās(gen. humilitātis),sync_nd;alt_none;gen_fem;stem_ī/ā;num_all,
577.0,utmuille,577,,,sync_vf;alt_none;gen_fem;stem_iā;num_all,
577.1,utmaille,577,,,sync_vf;alt_none;gen_fem;stem_iā;num_all,
